-- data-3gpp-assistant.sql
-- MySQL dump 10.13  Distrib 8.0.28, for macos11 (x86_64)
--
-- Host: localhost    Database: 3gpp_db
-- ------------------------------------------------------
-- Server version	8.4.0

/*!40101 SET @OLD_CHARACTER_SET_CLIENT=@@CHARACTER_SET_CLIENT */;
/*!40101 SET @OLD_CHARACTER_SET_RESULTS=@@CHARACTER_SET_RESULTS */;
/*!40101 SET @OLD_COLLATION_CONNECTION=@@COLLATION_CONNECTION */;
/*!50503 SET NAMES utf8 */;
/*!40103 SET @OLD_TIME_ZONE=@@TIME_ZONE */;
/*!40103 SET TIME_ZONE='+00:00' */;
/*!40014 SET @OLD_UNIQUE_CHECKS=@@UNIQUE_CHECKS, UNIQUE_CHECKS=0 */;
/*!40014 SET @OLD_FOREIGN_KEY_CHECKS=@@FOREIGN_KEY_CHECKS, FOREIGN_KEY_CHECKS=0 */;
/*!40101 SET @OLD_SQL_MODE=@@SQL_MODE, SQL_MODE='NO_AUTO_VALUE_ON_ZERO' */;
/*!40111 SET @OLD_SQL_NOTES=@@SQL_NOTES, SQL_NOTES=0 */;

--
-- Table structure for table `cr_table`
--

DROP TABLE IF EXISTS `cr_table`;
/*!40101 SET @saved_cs_client     = @@character_set_client */;
/*!50503 SET character_set_client = utf8mb4 */;
CREATE TABLE `cr_table` (
  `cr_id` varchar(45) NOT NULL,
  `cr_number` int DEFAULT NULL,
  `tdoc_number` varchar(45) DEFAULT NULL,
  `cr_title` varchar(225) DEFAULT NULL,
  `cr_UICC` varchar(45) DEFAULT NULL,
  `source_to_WG` varchar(45) DEFAULT NULL,
  `source_to_TSG` varchar(45) DEFAULT NULL,
  `work_item_code` varchar(45) DEFAULT NULL,
  `category` varchar(45) DEFAULT NULL,
  `reason_for_change` longtext,
  `summary_of_change` longtext,
  `consequences_if_not_approved` longtext,
  `clauses_affected` json DEFAULT NULL,
  `other_spec_affected` json DEFAULT NULL,
  `other_cr_affected` json DEFAULT NULL,
  `other_comments` varchar(500) DEFAULT NULL,
  `cr_content` longtext,
  `spec_number` varchar(45) DEFAULT NULL,
  `version_number` varchar(45) DEFAULT NULL,
  `meeting_number` varchar(45) DEFAULT NULL,
  `meeting_locaton` varchar(45) DEFAULT NULL,
  `meeting_date` date DEFAULT NULL,
  PRIMARY KEY (`cr_id`)
) ENGINE=InnoDB DEFAULT CHARSET=utf8mb4 COLLATE=utf8mb4_0900_ai_ci;
/*!40101 SET character_set_client = @saved_cs_client */;

--
-- Dumping data for table `cr_table`
--

LOCK TABLES `cr_table` WRITE;
/*!40000 ALTER TABLE `cr_table` DISABLE KEYS */;
INSERT INTO `cr_table` VALUES ('cr001',2381,'R1-111921','Update feature X functionality','ME','MediaTek','C1','24680','C','Update feature X to improve performance','Updated feature X to utilize new algorithms.',NULL,'[\"s13\"]',NULL,NULL,NULL,NULL,NULL,NULL,'#123','Oulu',NULL),('cr002',2391,'R1-111922','Fix issue with module Y','ME','MediaTek','C1','24680','C','Fix issue causing module Y to crash','Resolved bug causing crashes in module Y.',NULL,'[\"s12\", \"s13\"]',NULL,NULL,NULL,NULL,NULL,NULL,'#123','Oulu',NULL),('cr003',2301,'R1-111923','Optimize Radio Access Network algorithms','ME','MediaTek','C1','24680','C','Optimize algorithms for better network performance','Algorithms optimized for improved network efficiency.',NULL,'[\"s12\", \"s13\"]',NULL,NULL,NULL,NULL,NULL,NULL,'#123','Oulu',NULL),('cr004',2311,'R1-111924','Implement new Core Network protocol','ME','MediaTek','C1','24680','C','Add support for protocol Z in Core Network','Implemented support for protocol Z in Core Network.\"',NULL,'[\"s12\", \"s13\"]',NULL,NULL,NULL,NULL,NULL,NULL,'#123','Oulu',NULL),('cr005',2321,'R1-111925','Enhance user authentication mechanism','ME','MediaTek','C1','24680','C','Strengthen user authentication mechanism','Enhanced security measures for user authentication.',NULL,'[\"s12\", \"s13\"]',NULL,NULL,NULL,NULL,NULL,NULL,'#123','Oulu',NULL),('cr006',2331,'R1-111926','Fix issue with Radio Access Network handover','ME','MediaTek','C1','24680','C','Resolve issue causing handover failures','Fixed issue causing handover failures in Radio Access Network.',NULL,'[\"s13\"]',NULL,NULL,NULL,NULL,NULL,NULL,'#124','Changsha',NULL),('cr007',1234,'R1-111927','Optimize Core Network routing algorithms','ME','MediaTek','C1','24680','C','Optimize routing algorithms for better network traffic management','Improved efficiency in Core Network routing algorithms.',NULL,'[\"s12\", \"s13\"]',NULL,NULL,NULL,NULL,NULL,NULL,'#124','Changsha',NULL),('cr008',1235,'R1-111928','Implement new feature in apps','ME','MediaTek','C1','24680','C','Add feature Z to apps','Implemented new feature Z in apps.',NULL,'[\"s12\", \"s13\"]',NULL,NULL,NULL,NULL,NULL,NULL,'#124','Changsha',NULL),('cr009',1236,'R1-111929','Fix Core Network packet loss issue','ME','MediaTek','C1','24680','C','Resolve packet loss issue in Core Network','Fixed issue causing packet loss in Core Network.',NULL,'[\"s12\", \"s13\"]',NULL,NULL,NULL,NULL,NULL,NULL,'#124','Changsha',NULL),('cr010',1123,'R1-111900','pdate ME firmware','ME','MediaTek','C1','24680','C','Update firmware to improve device performance','Improved performance and stability for ME devices.',NULL,'[\"s12\", \"s13\"]',NULL,NULL,NULL,NULL,NULL,NULL,'#124','Changsha',NULL);
/*!40000 ALTER TABLE `cr_table` ENABLE KEYS */;
UNLOCK TABLES;

--
-- Table structure for table `section_table`
--

DROP TABLE IF EXISTS `section_table`;
/*!40101 SET @saved_cs_client     = @@character_set_client */;
/*!50503 SET character_set_client = utf8mb4 */;
CREATE TABLE `section_table` (
  `section_id` varchar(45) NOT NULL,
  `section_number` varchar(45) DEFAULT NULL,
  `section_title` varchar(45) DEFAULT NULL,
  `section_content` longtext,
  `version_id` varchar(45) DEFAULT NULL,
  PRIMARY KEY (`section_id`),
  KEY `version_id_idx` (`version_id`),
  CONSTRAINT `version_id` FOREIGN KEY (`version_id`) REFERENCES `spec_version_table` (`version_id`)
) ENGINE=InnoDB DEFAULT CHARSET=utf8mb4 COLLATE=utf8mb4_0900_ai_ci;
/*!40101 SET character_set_client = @saved_cs_client */;

--
-- Dumping data for table `section_table`
--

LOCK TABLES `section_table` WRITE;
/*!40000 ALTER TABLE `section_table` DISABLE KEYS */;
INSERT INTO `section_table` VALUES ('s01','1','Scope','The present document provides an overview and overall description of the NG-RAN and focuses on the radio interface protocol architecture of NR connected to 5GC (E-UTRA connected to 5GC is covered in the 36 series). Details of the radio interface protocols are specified in companion specifications of the 38 series.','v01'),('s02','2','Reference','The following documents contain provisions which, through reference in this text, constitute provisions of the present document.\r\n-	References are either specific (identified by date of publication, edition number, version number, etc.) or non specific.\r\n-	For a specific reference, subsequent revisions do not apply.\r\n-	For a non-specific reference, the latest version applies. In the case of a reference to a 3GPP document (including a GSM document), a non-specific reference implicitly refers to the latest version of that document in the same Release as the present document.\r\n[1]	3GPP TR 21.905: \"Vocabulary for 3GPP Specifications\".\r\n[2]	3GPP TS 36.300: \"Evolved Universal Terrestrial Radio Access (E-UTRA) and Evolved Universal Terrestrial Radio Access Network (E-UTRAN); Overall description; Stage 2\".\r\n[3]	3GPP TS 23.501: \"System Architecture for the 5G System; Stage 2\".\r\n[4]	3GPP TS 38.401: \"NG-RAN; Architecture description\".\r\n[5]	3GPP TS 33.501: \"Security Architecture and Procedures for 5G System\".\r\n[6]	3GPP TS 38.321: \"NR; Medium Access Control (MAC) protocol specification\".\r\n[7]	3GPP TS 38.322: \"NR; Radio Link Control (RLC) protocol specification\".\r\n[8]	3GPP TS 38.323: \"NR; Packet Data Convergence Protocol (PDCP) specification\".\r\n[9]	3GPP TS 37.324: \" E-UTRA and NR; Service Data Protocol (SDAP) specification\".\r\n[10]	3GPP TS 38.304: \"NR; User Equipment (UE) procedures in Idle mode and RRC Inactive state\".\r\n[11]	3GPP TS 38.306: \"NR; User Equipment (UE) radio access capabilities\".\r\n[12]	3GPP TS 38.331: \"NR; Radio Resource Control (RRC); Protocol specification\".\r\n[13]	3GPP TS 38.133: \"NR; Requirements for support of radio resource management\".\r\n[14]	3GPP TS 22.168: \"Earthquake and Tsunami Warning System (ETWS) requirements; Stage 1\".\r\n[15]	3GPP TS 22.268: \"Public Warning System (PWS) Requirements\".\r\n[16]	3GPP TS 38.410: \"NG-RAN; NG general aspects and principles\".\r\n[17]	3GPP TS 38.420: \"NG-RAN; Xn general aspects and principles\".\r\n[18]	3GPP TS 38.101-1: \"NR; User Equipment (UE) radio transmission and reception; Part 1: Range 1 Standalone\".\r\n[19]	3GPP TS 22.261: \"Service requirements for next generation new services and markets\".\r\n[20]	3GPP TS 38.202: \"NR; Physical layer services provided by the physical layer\"\r\n[21]	3GPP TS 37.340: \"NR; Multi-connectivity; Overall description; Stage-2\".\r\n[22]	3GPP TS 23.502: \"Procedures for the 5G System; Stage 2\".\r\n[23]	IETF RFC 4960 (2007-09): \"Stream Control Transmission Protocol\".\r\n[24]	3GPP TS 26.114: \"Technical Specification Group Services and System Aspects; IP Multimedia Subsystem (IMS); Multimedia Telephony; Media handling and interaction\".\r\n[25]	Void.\r\n[26]	3GPP TS 38.413: \"NG-RAN; NG Application Protocol (NGAP)\".\r\n[27]	IETF RFC 3168 (09/2001): \"The Addition of Explicit Congestion Notification (ECN) to IP\".\r\n[28]	3GPP TS 24.501: \"NR; Non-Access-Stratum (NAS) protocol for 5G System (5GS)\".\r\n[29]	3GPP TS 36.331: \"Evolved Universal Terrestrial Radio Access (E-UTRA); Radio Resource Control (RRC); Protocol specification\".\r\n[30]	3GPP TS 38.415: \"NG-RAN; PDU Session User Plane Protocol\".\r\n[31]	3GPP TS 38.340: \"NR; Backhaul Adaptation Protocol (BAP) specification\".\r\n[32]	3GPP TS 38.470: \"NG-RAN; F1 application protocol (F1AP) \".\r\n[33]	3GPP TS 38.425: \"NG-RAN; NR user plane protocol\".\r\n[34]	3GPP TS 23.216: \"Single Radio Voice Call Continuity (SRVCC); Stage 2\".\r\n[35]	3GPP TS 38.101-2: \"User Equipment (UE) radio transmission and reception; Part 2: Range 2 Standalone\".\r\n[36]	3GPP TS 38.101-3: \"User Equipment (UE) radio transmission and reception; Part 3: Range 1 and Range 2 Interworking operation with other radios\".\r\n[37]	3GPP TS 37.213: \"Physical layer procedures for shared spectrum channel access\".\r\n[38]	3GPP TS 38.213: \"NR; Physical layer procedures for control\".\r\n[39]	3GPP TS 22.104 \"Service requirements for cyber-physical control applications in vertical domains\".\r\n[40]	3GPP TS 23.287: \"Architecture enhancements for 5G System (5GS) to support Vehicle-to-Everything (V2X) services\".\r\n[41]	3GPP TS 23.285: \"Technical Specification Group Services and System Aspects; Architecture enhancements for V2X services\".\r\n[42]	3GPP TS 38.305: \"NG Radio Access Network (NG-RAN); Stage 2 functional specification of User Equipment (UE) positioning in NG-RAN\".\r\n[43]	3GPP TS 37.355: \"LTE Positioning Protocol (LPP)\".\r\n[44]	3GPP TS 29.002: \"Mobile Application Part (MAP) specification\".\r\n[45]	3GPP TS 23.247: \"Architectural enhancements for 5G multicast-broadcast services; Stage 2\".\r\n[46]	3GPP TS 26.346 \"Multimedia Broadcast/Multicast Service (MBMS); Protocols and codecs\".\r\n[47]	3GPP TS 23.122: \"Non-Access-Stratum (NAS) functions related to Mobile Station (MS) in idle mode\".\r\n[48]	3GPP TS 23.304: \"Proximity based Services (ProSe) in the 5G System (5GS)\".\r\n[49]	3GPP TS 28.541: \"5G Network Resource Model (NRM)\".\r\n[50]	3GPP TS 38.423: \"NG-RAN; Xn Application Protocol (XnAP)\".\r\n[51]	NIMA TR 8350.2, Third Edition, Amendment 1, 3 January 2000: \"DEPARTMENT OF DEFENSE WORLD GEODETIC SYSTEM 1984\".\r\n[52]	3GPP TS 38.211: \"NR; Physical channels and modulation\".\r\n[53]	3GPP TS 24.587: \"Vehicle-to-Everything (V2X) services in 5G System (5GS)\".\r\n[54]	3GPP TS 23.041: \"Technical realization of Cell Broadcast Service (CBS)\".\r\n[55]	3GPP TS 24.554: \"Technical Specification Group Core Network and Terminals; Proximity-services (ProSe) in 5G System (5GS) protocol\".\r\n[56]	3GPP TS 38.214: \"Technical Specification Group Radio Access Network; NR; Physical layer procedures for data\".\r\n[57]	3GPP TR 38.835: \"NR; Study on XR enhancements for NR\".\r\n[58]	3GPP TS 26.522: \"5G Real-time Media Transport Protocol Configurations\".\r\n[59]	3GPP TS 38.215: \"NR; Physical layer measurements\".\r\n[60]	3GPP TS 23.256: \"Support of Uncrewed Aerial Systems (UAS) connectivity, identification and tracking; Stage 2\".\r\n[61]	IETF RFC 9330: \"Low Latency, Low Loss, Scalable Throughput (L4S) Internet Service: Architecture\".\r\n[62]	IETF RFC 9331: \"Explicit Congestion Notification (ECN) Protocol for Very Low Queuing Delay (L4S)\".\r\n[63]	IETF RFC 9332: \"Dual-Queue Coupled Active Queue Management (AQM) for Low Latency, Low Loss, and Scalable Throughput (L4S)\".\r\nThe following documents contain provisions which, through reference in this text, constitute provisions of the present document.\r\n-	References are either specific (identified by date of publication, edition number, version number, etc.) or non specific.\r\n-	For a specific reference, subsequent revisions do not apply.\r\n-	For a non-specific reference, the latest version applies. In the case of a reference to a 3GPP document (including a GSM document), a non-specific reference implicitly refers to the latest version of that document in the same Release as the present document.\r\n[1]	3GPP TR 21.905: \"Vocabulary for 3GPP Specifications\".\r\n[2]	3GPP TS 36.300: \"Evolved Universal Terrestrial Radio Access (E-UTRA) and Evolved Universal Terrestrial Radio Access Network (E-UTRAN); Overall description; Stage 2\".\r\n[3]	3GPP TS 23.501: \"System Architecture for the 5G System; Stage 2\".\r\n[4]	3GPP TS 38.401: \"NG-RAN; Architecture description\".\r\n[5]	3GPP TS 33.501: \"Security Architecture and Procedures for 5G System\".\r\n[6]	3GPP TS 38.321: \"NR; Medium Access Control (MAC) protocol specification\".\r\n[7]	3GPP TS 38.322: \"NR; Radio Link Control (RLC) protocol specification\".\r\n[8]	3GPP TS 38.323: \"NR; Packet Data Convergence Protocol (PDCP) specification\".\r\n[9]	3GPP TS 37.324: \" E-UTRA and NR; Service Data Protocol (SDAP) specification\".\r\n[10]	3GPP TS 38.304: \"NR; User Equipment (UE) procedures in Idle mode and RRC Inactive state\".\r\n[11]	3GPP TS 38.306: \"NR; User Equipment (UE) radio access capabilities\".\r\n[12]	3GPP TS 38.331: \"NR; Radio Resource Control (RRC); Protocol specification\".\r\n[13]	3GPP TS 38.133: \"NR; Requirements for support of radio resource management\".\r\n[14]	3GPP TS 22.168: \"Earthquake and Tsunami Warning System (ETWS) requirements; Stage 1\".\r\n[15]	3GPP TS 22.268: \"Public Warning System (PWS) Requirements\".\r\n[16]	3GPP TS 38.410: \"NG-RAN; NG general aspects and principles\".\r\n[17]	3GPP TS 38.420: \"NG-RAN; Xn general aspects and principles\".\r\n[18]	3GPP TS 38.101-1: \"NR; User Equipment (UE) radio transmission and reception; Part 1: Range 1 Standalone\".\r\n[19]	3GPP TS 22.261: \"Service requirements for next generation new services and markets\".\r\n[20]	3GPP TS 38.202: \"NR; Physical layer services provided by the physical layer\"\r\n[21]	3GPP TS 37.340: \"NR; Multi-connectivity; Overall description; Stage-2\".\r\n[22]	3GPP TS 23.502: \"Procedures for the 5G System; Stage 2\".\r\n[23]	IETF RFC 4960 (2007-09): \"Stream Control Transmission Protocol\".\r\n[24]	3GPP TS 26.114: \"Technical Specification Group Services and System Aspects; IP Multimedia Subsystem (IMS); Multimedia Telephony; Media handling and interaction\".\r\n[25]	Void.\r\n[26]	3GPP TS 38.413: \"NG-RAN; NG Application Protocol (NGAP)\".\r\n[27]	IETF RFC 3168 (09/2001): \"The Addition of Explicit Congestion Notification (ECN) to IP\".\r\n[28]	3GPP TS 24.501: \"NR; Non-Access-Stratum (NAS) protocol for 5G System (5GS)\".\r\n[29]	3GPP TS 36.331: \"Evolved Universal Terrestrial Radio Access (E-UTRA); Radio Resource Control (RRC); Protocol specification\".\r\n[30]	3GPP TS 38.415: \"NG-RAN; PDU Session User Plane Protocol\".\r\n[31]	3GPP TS 38.340: \"NR; Backhaul Adaptation Protocol (BAP) specification\".\r\n[32]	3GPP TS 38.470: \"NG-RAN; F1 application protocol (F1AP) \".\r\n[33]	3GPP TS 38.425: \"NG-RAN; NR user plane protocol\".\r\n[34]	3GPP TS 23.216: \"Single Radio Voice Call Continuity (SRVCC); Stage 2\".\r\n[35]	3GPP TS 38.101-2: \"User Equipment (UE) radio transmission and reception; Part 2: Range 2 Standalone\".\r\n[36]	3GPP TS 38.101-3: \"User Equipment (UE) radio transmission and reception; Part 3: Range 1 and Range 2 Interworking operation with other radios\".\r\n[37]	3GPP TS 37.213: \"Physical layer procedures for shared spectrum channel access\".\r\n[38]	3GPP TS 38.213: \"NR; Physical layer procedures for control\".\r\n[39]	3GPP TS 22.104 \"Service requirements for cyber-physical control applications in vertical domains\".\r\n[40]	3GPP TS 23.287: \"Architecture enhancements for 5G System (5GS) to support Vehicle-to-Everything (V2X) services\".\r\n[41]	3GPP TS 23.285: \"Technical Specification Group Services and System Aspects; Architecture enhancements for V2X services\".\r\n[42]	3GPP TS 38.305: \"NG Radio Access Network (NG-RAN); Stage 2 functional specification of User Equipment (UE) positioning in NG-RAN\".\r\n[43]	3GPP TS 37.355: \"LTE Positioning Protocol (LPP)\".\r\n[44]	3GPP TS 29.002: \"Mobile Application Part (MAP) specification\".\r\n[45]	3GPP TS 23.247: \"Architectural enhancements for 5G multicast-broadcast services; Stage 2\".\r\n[46]	3GPP TS 26.346 \"Multimedia Broadcast/Multicast Service (MBMS); Protocols and codecs\".\r\n[47]	3GPP TS 23.122: \"Non-Access-Stratum (NAS) functions related to Mobile Station (MS) in idle mode\".\r\n[48]	3GPP TS 23.304: \"Proximity based Services (ProSe) in the 5G System (5GS)\".\r\n[49]	3GPP TS 28.541: \"5G Network Resource Model (NRM)\".\r\n[50]	3GPP TS 38.423: \"NG-RAN; Xn Application Protocol (XnAP)\".\r\n[51]	NIMA TR 8350.2, Third Edition, Amendment 1, 3 January 2000: \"DEPARTMENT OF DEFENSE WORLD GEODETIC SYSTEM 1984\".\r\n[52]	3GPP TS 38.211: \"NR; Physical channels and modulation\".\r\n[53]	3GPP TS 24.587: \"Vehicle-to-Everything (V2X) services in 5G System (5GS)\".\r\n[54]	3GPP TS 23.041: \"Technical realization of Cell Broadcast Service (CBS)\".\r\n[55]	3GPP TS 24.554: \"Technical Specification Group Core Network and Terminals; Proximity-services (ProSe) in 5G System (5GS) protocol\".\r\n[56]	3GPP TS 38.214: \"Technical Specification Group Radio Access Network; NR; Physical layer procedures for data\".\r\n[57]	3GPP TR 38.835: \"NR; Study on XR enhancements for NR\".\r\n[58]	3GPP TS 26.522: \"5G Real-time Media Transport Protocol Configurations\".\r\n[59]	3GPP TS 38.215: \"NR; Physical layer measurements\".\r\n[60]	3GPP TS 23.256: \"Support of Uncrewed Aerial Systems (UAS) connectivity, identification and tracking; Stage 2\".\r\n[61]	IETF RFC 9330: \"Low Latency, Low Loss, Scalable Throughput (L4S) Internet Service: Architecture\".\r\n[62]	IETF RFC 9331: \"Explicit Congestion Notification (ECN) Protocol for Very Low Queuing Delay (L4S)\".\r\n[63]	IETF RFC 9332: \"Dual-Queue Coupled Active Queue Management (AQM) for Low Latency, Low Loss, and Scalable Throughput (L4S)\".\r\n','v01'),('s03','3','Abbreviations and Definitions','Something here text text','v01'),('s04','3.1','Abbreviations','For the purposes of the present document, the abbreviations given in TR 21.905 [1], in TS 36.300 [2] and the following apply. An abbreviation defined in the present document takes precedence over the definition of the same abbreviation, if any, in TR 21.905 [1] and TS 36.300 [2].\r\n5GC	5G Core Network\r\n5GS	5G System\r\n5QI	5G QoS Identifier\r\nA2X	Aircraft-to-Everything\r\nA-CSI	Aperiodic CSI\r\nAGC	Automatic Gain Control\r\nAI	Artificial Intelligence\r\nAKA	Authentication and Key Agreement\r\nAMBR	Aggregate Maximum Bit Rate\r\nAMC	Adaptive Modulation and Coding\r\nAMF	Access and Mobility Management Function\r\nAR	Augmented Reality\r\nARP	Allocation and Retention Priority\r\nATG	Air to Ground\r\nBA	Bandwidth Adaptation\r\nBCCH	Broadcast Control Channel\r\nBCH	Broadcast Channel\r\nBFD	Beam Failure Detection\r\nBH	Backhaul\r\nBL	Bandwidth reduced Low complexity\r\nBPSK	Binary Phase Shift Keying\r\nBRID	Broadcast Remote Identification\r\nC-RNTI	Cell RNTI\r\nCAG	Closed Access Group\r\nCAPC	Channel Access Priority Class\r\nCBRA	Contention Based Random Access\r\nCCE	Control Channel Element\r\nCD-SSB	Cell Defining SSB\r\nCFR	Common Frequency Resource\r\nCFRA	Contention Free Random Access\r\nCG	Configured Grant\r\nCHO	Conditional Handover\r\nCIoT	Cellular Internet of Things\r\nCLI	Cross Link interference\r\nCMAS	Commercial Mobile Alert Service\r\nCORESET	Control Resource Set\r\nCP	Cyclic Prefix\r\nCPA	Conditional PSCell Addition\r\nCPC	Conditional PSCell Change\r\nDAA	Detect And Avoid\r\nDAG	Directed Acyclic Graph\r\nDAPS	Dual Active Protocol Stack\r\nDFT	Discrete Fourier Transform\r\nDCI	Downlink Control Information\r\nDCP	DCI with CRC scrambled by PS-RNTI\r\nDCR	Direct Communication Request\r\nDL-AoD	Downlink Angle-of-Departure\r\nDL-SCH	Downlink Shared Channel\r\nDL-TDOA	Downlink Time Difference Of Arrival\r\nDMRS	Demodulation Reference Signal\r\nDRX	Discontinuous Reception\r\nDSR	Delay Status Report\r\nDTX	Discontinuous Transmission\r\nE-CID	Enhanced Cell-ID (positioning method)\r\nEC	Energy Cost\r\nEHC	Ethernet Header Compression\r\nePWS	enhancements of Public Warning System\r\nETWS	Earthquake and Tsunami Warning System\r\nFS	Feature Set\r\nFSA ID	Frequency Selection Area Identity\r\nG-CS-RNTI	Group Configured Scheduling RNTI\r\nG-RNTI	Group RNTI\r\nGFBR	Guaranteed Flow Bit Rate\r\nGIN	Group ID for Network selection\r\nGNSS	Global Navigation Satellite System\r\nGSO	Geosynchronous Orbit\r\nH-SFN	Hyper System Frame Number\r\nHAPS	High Altitude Platform Station\r\nHRNN	Human-Readable Network Name\r\nIAB	Integrated Access and Backhaul\r\nIFRI	Intra Frequency Reselection Indication\r\nI-RNTI	Inactive RNTI\r\nINT-RNTI	Interruption RNTI\r\nKPAS	Korean Public Alarm System\r\nL2	Layer-2\r\nL3	Layer-3\r\nLBT	Listen Before Talk\r\nLDPC	Low Density Parity Check\r\nLEO	Low Earth Orbit\r\nLTM	L1/L2 Triggered Mobility\r\nMBS	Multicast/Broadcast Services\r\nMCE	Measurement Collection Entity\r\nMCCH	MBS Control Channel\r\nMDBV	Maximum Data Burst Volume\r\nMEO	Medium Earth Orbit\r\nMIB	Master Information Block\r\nMICO	Mobile Initiated Connection Only\r\nMFBR	Maximum Flow Bit Rate\r\nML	Machine Learning\r\nMMTEL	Multimedia telephony\r\nMNO	Mobile Network Operator\r\nMO-SDT	Mobile Originated SDT\r\nMP	Multi-Path\r\nMPE	Maximum Permissible Exposure\r\nMRB	MBS Radio Bearer\r\nMT	Mobile Termination\r\nMT-SDT	Mobile Terminated SDT\r\nMTCH	MBS Traffic Channel\r\nMTSI	Multimedia Telephony Service for IMS\r\nMU-MIMO	Multi User MIMO\r\nMulti-RTT	Multi-Round Trip Time\r\nMUSIM	Multi-Universal Subscriber Identity Module\r\nN3C	Non-3GPP Connection\r\nNB-IoT	Narrow Band Internet of Things\r\nNCD-SSB	Non Cell Defining SSB\r\nNCGI	NR Cell Global Identifier\r\nNCL	Neighbour Cell List\r\nNCR	Neighbour Cell Relation\r\nNCRT	Neighbour Cell Relation Table\r\nNGAP	NG Application Protocol\r\nNGSO	Non-Geosynchronous Orbit\r\nNID	Network Identifier\r\nNPN	Non-Public Network\r\nNR	NR Radio Access\r\nNSAG	Network Slice AS Group\r\nNTN	Non-Terrestrial Network\r\nP-MPR	Power Management Maximum Power Reduction\r\nP-RNTI	Paging RNTI\r\nPCH	Paging Channel\r\nPCI	Physical Cell Identifier\r\nPDB	Packet Delay Budget\r\nPDC	Propagation Delay Compensation\r\nPDCCH	Physical Downlink Control Channel\r\nPDSCH	Physical Downlink Shared Channel\r\nPEI	Paging Early Indication\r\nPER	Packet Error Rate\r\nPH	Paging Hyperframe\r\nPLMN	Public Land Mobile Network\r\nPNI-NPN	Public Network Integrated NPN\r\nPO	Paging Occasion\r\nPQI	PC5 5QI\r\nPRACH	Physical Random Access Channel\r\nPRB	Physical Resource Block\r\nPRG	Precoding Resource block Group\r\nPRS	Positioning Reference Signal\r\nPS-RNTI	Power Saving RNTI\r\nPSDB	PDU Set Delay Budget\r\nPSER	PDU Set Error Rate\r\nPSI	PDU Set Importance\r\nPSIHI	PDU Set Integrated Handling Information\r\nPSS	Primary Synchronisation Signal\r\nPTM	Point to Multipoint\r\nPTP	Point to Point\r\nPTW	Paging Time Window\r\nPUCCH	Physical Uplink Control Channel\r\nPUSCH	Physical Uplink Shared Channel\r\nPWS	Public Warning System\r\nQAM	Quadrature Amplitude Modulation\r\nQFI	QoS Flow ID\r\nQMC	QoE Measurement Collection\r\nQoE	Quality of Experience\r\nQPSK	Quadrature Phase Shift Keying\r\nRA	Random Access\r\nRA-RNTI	Random Access RNTI\r\nRACH	Random Access Channel\r\nRANAC	RAN-based Notification Area Code\r\nREG	Resource Element Group\r\nRIM	Remote Interference Management\r\nRLM	Radio Link Monitoring\r\nRMSI	Remaining Minimum SI\r\nRNA	RAN-based Notification Area\r\nRNAU	RAN-based Notification Area Update\r\nRNTI	Radio Network Temporary Identifier\r\nRQA	Reflective QoS Attribute\r\nRQoS	Reflective Quality of Service\r\nRS	Reference Signal\r\nRSRP	Reference Signal Received Power\r\nRSRQ	Reference Signal Received Quality\r\nRSSI	Received Signal Strength Indicator\r\nRSTD	Reference Signal Time Difference\r\nRTT	Round Trip Time\r\nRVQoE	RAN visible QoE\r\nSCS	SubCarrier Spacing\r\nSD	Slice Differentiator\r\nSDAP	Service Data Adaptation Protocol\r\nSDT	Small Data Transmission\r\nSD-RSRP	Sidelink Discovery RSRP\r\nSFI-RNTI	Slot Format Indication RNTI\r\nSHR	Successful Handover Report\r\nSIB	System Information Block\r\nSI-RNTI	System Information RNTI\r\nSLA	Service Level Agreement\r\nSL-PRS	Sidelink Positioning Reference Signal\r\nSL-RSRP	Sidelink RSRP\r\nSMC	Security Mode Command\r\nSMF	Session Management Function\r\nSMTC	SS/PBCH block Measurement Timing Configuration\r\nS-NSSAI	Single Network Slice Selection Assistance Information\r\nSNPN	Stand-alone Non-Public Network\r\nSNPN ID	Stand-alone Non-Public Network Identity\r\nSPR	Successful PSCell Addition/Change Report\r\nSPS	Semi-Persistent Scheduling\r\nSR	Scheduling Request\r\nSRAP	Sidelink Relay Adaptation Protocol\r\nSRS	Sounding Reference Signal\r\nSRVCC	Single Radio Voice Call Continuity\r\nSS	Synchronization Signal\r\nSSB	SS/PBCH block\r\nSSS	Secondary Synchronisation Signal\r\nSSSG	Search Space Set Group\r\nSST	Slice/Service Type\r\nSU-MIMO	Single User MIMO\r\nSUL	Supplementary Uplink\r\nTA	Timing Advance\r\nTB	Transport Block\r\nTCE	Trace Collection Entity\r\nTNL	Transport Network Layer\r\nTPC	Transmit Power Control\r\nTRP	Transmit/Receive Point\r\nTRS	Tracking Reference Signal\r\nTSS	Timing Synchronization Status\r\nU2N	UE-to-Network\r\nU2U	UE-to-UE\r\nUAV	Uncrewed Aerial Vehicle\r\nUCI	Uplink Control Information\r\nUDC	Uplink Data Compression\r\nUDM	Unified Data Management\r\nUE-Slice-MBR	UE Slice Maximum Bit Rate\r\nUL-AoA	Uplink Angles of Arrival\r\nUL-RTOA	Uplink Relative Time of Arrival\r\nUL-SCH	Uplink Shared Channel\r\nUPF	User Plane Function\r\nURLLC	Ultra-Reliable and Low Latency Communications\r\nVR	Virtual Reality\r\nV2X	Vehicle-to-Everything\r\nXn-C	Xn-Control plane\r\nXn-U	Xn-User plane\r\nXnAP	Xn Application Protocol\r\nXR	eXtended Reality\r\n','v01'),('s05','3.2','Definitions','For the purposes of the present document, the terms and definitions given in TR 21.905 [1], in TS 36.300 [2] and the following apply. A term defined in the present document takes precedence over the definition of the same term, if any, in TR 21.905 [1] and TS 36.300 [2].\r\n2Rx XR UE: two antenna port XR UE as specified in TS 38.101-1 [18].\r\nA2X communication: A communication to support A2X services leveraging PC5 reference points. A2X services are realized by various types of A2X applications, i.e. BRID or DAA.\r\nAerial UE communication: functionality enabling Aerial UE function, as defined in 16.18.\r\nAir to Ground network: An NG-RAN consisting of ground-based gNBs, which provide cell towers that send signals up to an aircraft\'s antenna(s) of onboard ATG terminal, with typical vertical altitude of around 10,000m and take-off/landing altitudes down to 3000m.\r\nBH RLC channel: an RLC channel between two nodes, which is used to transport backhaul packets.\r\nBoundary IAB-node: as defined in TS 38.401 [4].\r\nBroadcast MRB: A radio bearer configured for MBS broadcast delivery.\r\nCAG Cell: a PLMN cell broadcasting at least one Closed Access Group identity.\r\nCAG Member Cell: for a UE, a CAG cell broadcasting the identity of the selected PLMN, registered PLMN or equivalent PLMN, and for that PLMN, a CAG identifier belonging to the Allowed CAG list of the UE for that PLMN.\r\nCAG-only cell: a CAG cell that is only available for normal service for CAG UEs.\r\nCell-Defining SSB: an SSB with an RMSI associated.\r\nChild node: IAB-DU\'s and IAB-donor-DU\'s next hop neighbour node; the child node is also an IAB-node.\r\nConditional Handover (CHO): a handover procedure that is executed only when execution condition(s) are met.\r\nCORESET#0: the control resource set for at least SIB1 scheduling, can be configured either via MIB or via dedicated RRC signalling.\r\nDAPS Handover: a handover procedure that maintains the source gNB connection after reception of RRC message for handover and until releasing the source cell after successful random access to the target gNB.\r\nData Burst: A set of multiple PDUs generated and sent by the application in a short period of time, as defined in TS 23.501 [3].\r\nDirect Path: a type of UE-to-Network transmission path, where data is transmitted between a UE and the network without sidelink relaying.\r\nDownstream: direction toward child node or UE in IAB-topology.\r\nEarly Data Forwarding: data forwarding that is initiated before the UE executes the handover.\r\nEarth-centered, earth-fixed: a global geodetic reference system for the Earth intended for practical applications of mapping, charting, geopositioning and navigation, as specified in NIMA TR 8350.2 [51].\r\neRedCap UE: a UE with enhanced reduced capabilities as specified in clause 4.2.22.1 in TS 38.306 [11].\r\nFeeder link: wireless link between the NTN Gateway and the NTN payload.\r\nGeosynchronous Orbit: earth-centered orbit at approximately 35786 kilometres above Earth\'s surface and synchronised with Earth\'s rotation. A geostationary orbit is a non-inclined geosynchronous orbit, i.e. in the Earth\'s equator plane.\r\nGroup ID for Network Selection: an identifier used during SNPN selection to enhance the likelihood of selecting a preferred SNPN that supports a Default Credentials Server or a Credentials Holder, as specified in TS 23.501 [3].\r\ngNB: node providing NR user plane and control plane protocol terminations towards the UE, and connected via the NG interface to the 5GC.\r\nHigh Altitude Platform Station: airborne vehicle embarking the NTN payload placed at an altitude between 8 and 50 km.\r\nIAB-donor: gNB that provides network access to UEs via a network of backhaul and access links.\r\nIAB-donor-CU: as defined in TS 38.401 [4].\r\nIAB-donor-DU: as defined in TS 38.401 [4].\r\nIAB-DU: gNB-DU functionality supported by the IAB-node to terminate the NR access interface to UEs and next-hop IAB-nodes, and to terminate the F1 protocol to the gNB-CU functionality, as defined in TS 38.401 [4], on the IAB-donor.\r\nIAB-MT: IAB-node function that terminates the Uu interface to the parent node using the procedures and behaviours specified for UEs unless stated otherwise. IAB-MT function used in 38-series of 3GPP Specifications corresponds to IAB-UE function defined in TS 23.501 [3].\r\nIAB-node: RAN node that supports NR access links to UEs and NR backhaul links to parent nodes and child nodes. The IAB-node does not support backhauling via LTE.\r\nIAB topology: the unison of all IAB-nodes and IAB-donor-DUs whose F1 and/or RRC connections are terminated at the same IAB-donor-CU.\r\nIndirect Path: a type of UE-to-Network transmission path, where data is forwarded via a U2N Relay UE between a U2N Remote UE and the network.\r\nInter-donor partial migration: migration of an IAB-MT to a parent node underneath a different IAB-donor-CU while the collocated IAB-DU and its descendant IAB-node(s), if any, are terminated at the initial IAB-donor-CU. The procedure renders the said IAB-node as a boundary IAB-node.\r\nIntra-system Handover: handover that does not involve a CN change (EPC or 5GC).\r\nInter-system Handover: handover that involves a CN change (EPC or 5GC).\r\nLate Data Forwarding: data forwarding that is initiated after the source NG-RAN node knows that the UE has successfully accessed a target NG-RAN node.\r\nL1/L2 Triggered Mobility: a cell switch procedure that the network triggers via MAC CE based on L1 measurements.\r\nMapped Cell ID: in NTN, it corresponds to a fixed geographical area.\r\nMBS Radio Bearer: A radio bearer configured for MBS delivery.\r\nMobile-IAB cell: a cell of a mobile IAB-DU.\r\nMobile IAB-DU: gNB-DU functionality supported by the mobile IAB-node to terminate the NR access interface to UEs, and to terminate the F1 protocol to the gNB-CU functionality on the IAB-donor, as defined in TS 38.401 [4].\r\nMobile IAB-DU migration: procedure for a mobile IAB-node as defined in TS 38.401 [4].\r\nMobile IAB-MT: mobile IAB-node function that terminates the Uu interface to the parent node using the procedures and behaviours specified for UEs unless stated otherwise.\r\nMobile IAB-MT migration: procedure for a mobile IAB-MT as defined in TS 38.401 [4].\r\nMobile IAB-node: RAN node that supports NR access links to UEs and an NR backhaul link to a parent node, and that can conduct physical mobility across the RAN area. The mobile IAB-node function used in 38-series of 3GPP Specifications corresponds to the MBSR function defined in TS 23.501 [3].\r\nMP Relay UE: a UE that provides functionality to support connectivity to the network for MP Remote UE(s).\r\nMP Remote UE: a UE that communicates with the network via a direct Uu link and a MP Relay UE.\r\nMSG1: preamble transmission of the random access procedure for 4-step random access (RA) type.\r\nMSG3: first scheduled transmission of the random access procedure.\r\nMSGA: preamble and payload transmissions of the random access procedure for 2-step RA type.\r\nMSGB: response to MSGA in the 2-step random access procedure. MSGB may consist of response(s) for contention resolution, fallback indication(s), and backoff indication.\r\nMulticast/Broadcast Service: A point-to-multipoint service as defined in TS 23.247 [45].\r\nMulticast MRB: A radio bearer configured for MBS multicast delivery.\r\nMulti-hop backhauling: using a chain of NR backhaul links between an IAB-node and an IAB-donor.\r\nNCR-Fwd: Network-Controlled Repeater node function, which performs amplifying-and-forwarding of UL/DL RF signals between gNB and UE. The behaviour of the NCR-Fwd is controlled according to the side control information received by the NCR-MT from a gNB.\r\nNCR-Fwd access link: link used for transmissions between the NCR-Fwd and UEs.\r\nNCR-Fwd backhaul link: link used for backhauling between the NCR-Fwd and gNB.\r\nNCR-MT: NCR-node entity which communicates with a gNB via a control link to receive side control information. The control link is based on NR Uu interface.\r\nNCR-node: RAN node comprising NCR-MT and NCR-Fwd.\r\nng-eNB: node providing E-UTRA user plane and control plane protocol terminations towards the UE, and connected via the NG interface to the 5GC.\r\nNG-C: control plane interface between NG-RAN and 5GC.\r\nNG-U: user plane interface between NG-RAN and 5GC.\r\nNG-RAN node: either a gNB or an ng-eNB.\r\nNon-CAG Cell: a PLMN cell which does not broadcast any Closed Access Group identity.\r\nNon-Cell Defining SSB: an SSB without an RMSI associated.\r\nNon-Geosynchronous orbit: earth-centered orbit with an orbital period that does not match Earth\'s rotation on its axis. This includes Low and Medium Earth Orbit (LEO and MEO). LEO operates at altitudes between 300 km and 1500 km and MEO at altitudes between 7000 km and 25000 km, approximately.\r\nNon-terrestrial network: an NG-RAN consisting of gNBs, which provide non-terrestrial NR access to UEs by means of an NTN payload embarked on an airborne or space-borne NTN vehicle and an NTN Gateway.\r\nNR backhaul link: NR link used for backhauling between an IAB-node and an IAB-donor, and between IAB-nodes in case of a multi-hop backhauling.\r\nNR sidelink communication: AS functionality enabling at least V2X communication as defined in TS 23.287 [40] and the ProSe communication (including ProSe non-Relay and UE-to-Network Relay communication) as defined in TS 23.304 [48], between two or more nearby UEs, using NR technology but not traversing any network node.\r\nNR sidelink discovery: AS functionality enabling ProSe non-Relay Discovery and ProSe UE-to-Network Relay discovery for Proximity based Services as defined in TS 23.304 [48] between two or more nearby UEs, using NR technology but not traversing any network node.\r\nNTN Gateway: an earth station located at the surface of the earth, providing connectivity to the NTN payload using the feeder link. An NTN Gateway is a TNL node.\r\nNTN payload: a network node, embarked on board a satellite or high altitude platform station, providing connectivity functions, between the service link and the feeder link. In the current version of this specification, the NTN payload is a TNL node.\r\nNumerology: corresponds to one subcarrier spacing in the frequency domain. By scaling a reference subcarrier spacing by an integer N, different numerologies can be defined.\r\nParent node: IAB-MT\'s next hop neighbour node; the parent node can be IAB-node or IAB-donor-DU\r\nPC5 Relay RLC channel: an RLC channel between L2 U2N Remote UE and L2 U2N Relay UE, or between L2 U2U Remote UE and L2 U2U Relay UE, which is used to transport packets over PC5 for L2 UE-to-Network/UE-to-UE Relay.\r\nPDU Set: one or more PDUs carrying the payload of one unit of information generated at the application level (e.g. frame(s) or video slice(s) for XR Services), as defined in TS 23.501 [3].\r\nPLMN Cell: a cell of the PLMN.\r\nRACH-less LTM: an LTM cell switch procedure where UE skips the random access procedure.\r\nRedCap UE: a UE with reduced capabilities as specified in clause 4.2.21.1 in TS 38.306 [11].\r\nRelay discovery: AS functionality enabling 5G ProSe UE-to-Network Relay Discovery as defined in TS 23.304 [48], using NR technology but not traversing any network node.\r\nSatellite: a space-borne vehicle orbiting the Earth embarking the NTN payload.\r\nService link: wireless link between the NTN payload and UE.\r\nSidelink Discovery RSRP: RSRP measurements on PC5 link related to NR sidelink discovery.\r\nSidelink RSRP: RSRP measurements on PC5 link related to NR sidelink communication.\r\nSNPN Access Mode: mode of operation whereby a UE only accesses SNPNs.\r\nSNPN-only cell: a cell that is only available for normal service for SNPN subscribers.\r\nSNPN Identity: the identity of Stand-alone NPN defined by the pair (PLMN ID, NID).\r\nTransmit/Receive Point: part of the gNB transmitting and receiving radio signals to/from UE according to physical layer properties and parameters inherent to that element.\r\nU2N Relay UE: a UE that provides functionality to support connectivity to the network for U2N Remote UE(s).\r\nU2N Remote UE: a UE that communicates with the network via a U2N Relay UE.\r\nU2U Relay UE: a UE that provides functionality to support connectivity between two U2U Remote UEs.\r\nU2U Remote UE: a UE that communicates with other UE(s) via a U2U Relay UE.\r\nUpstream: direction toward parent node in IAB-topology.\r\nUu Relay RLC channel: an RLC channel between L2 U2N Relay UE or MP Relay UE and gNB, which is used to transport packets over Uu for L2 UE-to-Network Relay or for indirect path in case of MP.\r\nV2X sidelink communication: AS functionality enabling V2X communication as defined in TS 23.285 [41], between nearby UEs, using E-UTRA technology but not traversing any network node.\r\nXn: network interface between NG-RAN nodes.\r\n','v01'),('s06','4','Overall Architecture and Functional Split','Something here text text','v01'),('s07','4.1','Overall Architecture','An NG-RAN node is either:\r\n-	a gNB, providing NR user plane and control plane protocol terminations towards the UE; or\r\n-	an ng-eNB, providing E-UTRA user plane and control plane protocol terminations towards the UE.\r\nThe gNBs and ng-eNBs are interconnected with each other by means of the Xn interface. The gNBs and ng-eNBs are also connected by means of the NG interfaces to the 5GC, more specifically to the AMF (Access and Mobility Management Function) by means of the NG-C interface and to the UPF (User Plane Function) by means of the NG-U interface (see TS 23.501 [3]).\r\nNOTE:	The architecture and the F1 interface for a functional split are defined in TS 38.401 [4].\r\nThe NG-RAN architecture is illustrated in Figure 4.1-1 below.\r\n','v01'),('s08','4.2','Functional Split','The gNB and ng-eNB host the following functions:\r\n-	Functions for Radio Resource Management: Radio Bearer Control, Radio Admission Control, Connection Mobility Control, Dynamic allocation of resources to UEs in uplink, downlink and sidelink (scheduling);\r\n-	IP and Ethernet header compression, uplink data decompression, encryption and integrity protection of data;\r\n-	Selection of an AMF at UE attachment when no routing to an AMF can be determined from the information provided by the UE;\r\n-	Routing of User Plane data towards UPF(s);\r\n-	Routing of Control Plane information towards AMF;\r\n-	Connection setup and release;\r\n-	Scheduling and transmission of paging messages;\r\n-	Scheduling and transmission of system broadcast information (originated from the AMF or OAM);\r\n-	Measurement and measurement reporting configuration for mobility and scheduling;\r\n-	Transport level packet marking in the uplink;\r\n-	Session Management;\r\n-	Support of Network Slicing;\r\n-	QoS Flow management and mapping to data radio bearers;\r\n-	Support of UEs in RRC_INACTIVE state;\r\n-	Distribution function for NAS messages;\r\n-	Radio access network sharing;\r\n-	Dual Connectivity;\r\n-	Tight interworking between NR and E-UTRA;\r\n-	Maintain security and radio configuration for User Plane CIoT 5GS Optimisation, as defined in TS 23.501 [3] (ng-eNB only).\r\nNOTE 1:	BL UE or UE in enhanced coverage is only supported by ng-eNB, see TS 36.300 [2].\r\nNOTE 2:	NB-IoT UE is only supported by ng-eNB, see TS 36.300 [2].\r\nThe AMF hosts the following main functions (see TS 23.501 [3]):\r\n-	NAS signalling termination;\r\n-	NAS signalling security;\r\n-	AS Security control;\r\n-	Inter CN node signalling for mobility between 3GPP access networks;\r\n-	Idle mode UE Reachability (including control and execution of paging retransmission);\r\n-	Registration Area management;\r\n-	Support of intra-system and inter-system mobility;\r\n-	Access Authentication;\r\n-	Access Authorization including check of roaming rights;\r\n-	Mobility management control (subscription and policies);\r\n-	Support of Network Slicing;\r\n-	SMF selection.\r\n-	Selection of CIoT 5GS optimisations;\r\nThe UPF hosts the following main functions (see TS 23.501 [3]):\r\n-	Anchor point for Intra-/Inter-RAT mobility (when applicable);\r\n-	External PDU session point of interconnect to Data Network;\r\n-	Packet routing & forwarding;\r\n-	Packet inspection and User plane part of Policy rule enforcement;\r\n-	Traffic usage reporting;\r\n-	Uplink classifier to support routing traffic flows to a data network;\r\n-	Branching point to support multi-homed PDU session;\r\n-	QoS handling for user plane, e.g. packet filtering, gating, UL/DL rate enforcement;\r\n-	Uplink Traffic verification (SDF to QoS flow mapping);\r\n-	Downlink packet buffering and downlink data notification triggering.\r\nThe Session Management function (SMF) hosts the following main functions (see TS 23.501 [3]):\r\n-	Session Management;\r\n-	UE IP address allocation and management;\r\n-	Selection and control of UP function;\r\n-	Configures traffic steering at UPF to route traffic to proper destination;\r\n-	Control part of policy enforcement and QoS;\r\n-	Downlink Data Notification.\r\nThis is summarized on the figure below where yellow boxes depict the logical nodes and white boxes depict the main functions.\r\n','v01'),('s09','4.3','Network Interfaces','Something here text text','v01'),('s10','4.3.1','NG Interface','Something here text text','v01'),('s11','4.3.1.1','NG User Plane','The NG user plane interface (NG-U) is defined between the NG-RAN node and the UPF. The user plane protocol stack of the NG interface is shown on Figure 4.3.1.1-1. The transport network layer is built on IP transport and GTP-U is used on top of UDP/IP to carry the user plane PDUs between the NG-RAN node and the UPF.','v01'),('s12','4.3.1.2','NG Control Plane','The NG control plane interface (NG-C) is defined between the NG-RAN node and the AMF. The control plane protocol stack of the NG interface is shown on Figure 4.3.1.2-1. The transport network layer is built on IP transport. For the reliable transport of signalling messages, SCTP is added on top of IP. The application layer signalling protocol is referred to as NGAP (NG Application Protocol). The SCTP layer provides guaranteed delivery of application layer messages. In the transport, IP layer point-to-point transmission is used to deliver the signalling PDUs.','v01'),('s13','4.3.2','Xn Interface','Something here text text','v01'),('s14','4.3.2.1','Xn User Plane','The Xn User plane (Xn-U) interface is defined between two NG-RAN nodes. The user plane protocol stack on the Xn interface is shown in Figure 4.3.2.1-1. The transport network layer is built on IP transport and GTP-U is used on top of UDP/IP to carry the user plane PDUs.','v01'),('s15','4.3.2.2','Xn Control Plane','The Xn control plane interface (Xn-C) is defined between two NG-RAN nodes. The control plane protocol stack of the Xn interface is shown on Figure 4.3.2.2-1. The transport network layer is built on SCTP on top of IP. The application layer signalling protocol is referred to as XnAP (Xn Application Protocol). The SCTP layer provides the guaranteed delivery of application layer messages. In the transport IP layer point-to-point transmission is used to deliver the signalling PDUs.','v01'),('s16','4.4','Radio Protocol Architecture','Something here text text','v01'),('s17','4.4.1','User Plane','The figure below shows the protocol stack for the user plane, where SDAP, PDCP, RLC and MAC sublayers (terminated in gNB on the network side) perform the functions listed in clause 6.','v01'),('s18','4.4.2','Control Plane','The figure below shows the protocol stack for the control plane, where:\r\n-	PDCP, RLC and MAC sublayers (terminated in gNB on the network side) perform the functions listed in clause 6;\r\n-	RRC (terminated in gNB on the network side) performs the functions listed in clause 7;\r\n-	NAS control protocol (terminated in AMF on the network side) performs the functions listed in TS 23.501 [3]), for instance: authentication, mobility management, security control…\r\n','v01'),('s19','4.5','Multi-Radio Dual Connectivity','NG-RAN supports Multi-Radio Dual Connectivity (MR-DC) operation whereby a UE in RRC_CONNECTED is configured to utilise radio resources provided by two distinct schedulers, located in two different NG-RAN nodes connected via a non-ideal backhaul, one providing NR access and the other one providing either E-UTRA or NR access. Further details of MR-DC operation, including Conditional PSCell Addition (CPA) and Conditional PSCell Change (CPC), can be found in TS 37.340 [21].','v02'),('s20','4.6','Radio Access Network Sharing','NG-RAN supports radio access network sharing as defined in TS 23.501 [3].\r\nIf NR access is shared, system information broadcast in a shared cell indicates a TAC and a Cell Identity for each subset of PLMNs, PNI-NPNs and SNPNs. NR access provides only one TAC and one Cell Identity per cell per PLMN, SNPN or PNI-NPN. In this version of the specification, a Cell Identity can only belong to one network type among PLMN, PNI-NPN or SNPN as defined in TS 23.501 [3].\r\nEach Cell Identity associated with a subset of PLMNs, SNPNs or PNI-NPNs identifies its serving NG-RAN node.\r\n','v02');
/*!40000 ALTER TABLE `section_table` ENABLE KEYS */;
UNLOCK TABLES;

--
-- Table structure for table `spec_table`
--

DROP TABLE IF EXISTS `spec_table`;
/*!40101 SET @saved_cs_client     = @@character_set_client */;
/*!50503 SET character_set_client = utf8mb4 */;
CREATE TABLE `spec_table` (
  `spec_id` varchar(45) NOT NULL,
  `spec_number` varchar(45) NOT NULL,
  `spec_title` varchar(500) DEFAULT NULL,
  PRIMARY KEY (`spec_id`)
) ENGINE=InnoDB DEFAULT CHARSET=utf8mb4 COLLATE=utf8mb4_0900_ai_ci;
/*!40101 SET character_set_client = @saved_cs_client */;

--
-- Dumping data for table `spec_table`
--

LOCK TABLES `spec_table` WRITE;
/*!40000 ALTER TABLE `spec_table` DISABLE KEYS */;
INSERT INTO `spec_table` VALUES ('1','38.300','NR;NR and NG-RAN Overall description; Stage-2'),('2','38.304','NR;User Equipment(UE) procedures in I dle mode and in RRC Inactive state'),('3','38.305','NG Radio Access Network (NG-RAN); Stage 2 functional specification of User Equipment (UE) positioning in NG-RAN'),('4','38.306','NR; User Equipment (UE) radio access capabilities'),('5','38.307','NR; Requirements on User Equipments (UEs) supporting a release-independent frequency band'),('6','38.314','NR; Layer 2 measurements'),('7','38.321','NR; Medium Access Control (MAC) protocol specification');
/*!40000 ALTER TABLE `spec_table` ENABLE KEYS */;
UNLOCK TABLES;

--
-- Table structure for table `spec_version_table`
--

DROP TABLE IF EXISTS `spec_version_table`;
/*!40101 SET @saved_cs_client     = @@character_set_client */;
/*!50503 SET character_set_client = utf8mb4 */;
CREATE TABLE `spec_version_table` (
  `version_id` varchar(45) NOT NULL,
  `version_number` varchar(45) DEFAULT NULL,
  `release_date` date DEFAULT NULL,
  `spec_id` varchar(45) DEFAULT NULL,
  PRIMARY KEY (`version_id`),
  KEY `spec_id_idx` (`spec_id`),
  CONSTRAINT `spec_id` FOREIGN KEY (`spec_id`) REFERENCES `spec_table` (`spec_id`)
) ENGINE=InnoDB DEFAULT CHARSET=utf8mb4 COLLATE=utf8mb4_0900_ai_ci;
/*!40101 SET character_set_client = @saved_cs_client */;

--
-- Dumping data for table `spec_version_table`
--

LOCK TABLES `spec_version_table` WRITE;
/*!40000 ALTER TABLE `spec_version_table` DISABLE KEYS */;
INSERT INTO `spec_version_table` VALUES ('v01','18.1.0','2024-04-03','1'),('v02','18.0.0','2024-01-12','1'),('v03','17.8.0','2024-04-04','1'),('v04','17.7.0','2024-01-12','1'),('v05','17.6.0','2023-09-28','1'),('v06','15.0.0','2020-01-01','2'),('v07','15.0.1','2020-03-01','2');
/*!40000 ALTER TABLE `spec_version_table` ENABLE KEYS */;
UNLOCK TABLES;
/*!40103 SET TIME_ZONE=@OLD_TIME_ZONE */;

/*!40101 SET SQL_MODE=@OLD_SQL_MODE */;
/*!40014 SET FOREIGN_KEY_CHECKS=@OLD_FOREIGN_KEY_CHECKS */;
/*!40014 SET UNIQUE_CHECKS=@OLD_UNIQUE_CHECKS */;
/*!40101 SET CHARACTER_SET_CLIENT=@OLD_CHARACTER_SET_CLIENT */;
/*!40101 SET CHARACTER_SET_RESULTS=@OLD_CHARACTER_SET_RESULTS */;
/*!40101 SET COLLATION_CONNECTION=@OLD_COLLATION_CONNECTION */;
/*!40111 SET SQL_NOTES=@OLD_SQL_NOTES */;

-- Dump completed on 2024-05-29 12:31:42
